{
    "trial_number": 71,
    "params": {
        "batch_size": 32,
        "n_layers": 5,
        "first_layer_size": 320,
        "layer_1_size": 288,
        "layer_2_size": 168,
        "layer_3_size": 90,
        "layer_4_size": 38,
        "regularization_type": "l2",
        "regularization_strength": 0.00035160430233373687,
        "dropout_type": "constant",
        "base_dropout": 0.4,
        "activation": "relu",
        "learning_rate": 0.0030149963281813972,
        "optimizer": "adamw",
        "use_batch_norm": false,
        "weight_decay": 2.8336255604457394e-05,
        "early_stopping_patience": 13,
        "lr_reduction_factor": 0.4730003609380973,
        "lr_patience": 6
    },
    "mean_accuracy": 0.8172051787376404,
    "std_accuracy": 0.009048964012677931,
    "mean_auc": 0.9024883270263672,
    "mean_loss": 0.418857616186142,
    "fold_accuracies": [
        0.8076677322387695,
        0.8293929696083069,
        0.8185303807258606,
        0.8241688013076782,
        0.8062660098075867
    ],
    "model_type": "train_val_only"
}